{"x":-12.200377464294434,"y":3.588214874267578,"z":-28.964780807495118}